node_id,text
151,That it should come to this!.
152,The play 's the thing wherein I'll catch the conscience of the king.
153,Off with his head!
154,It seems she hangs upon the cheek of night like a rich jewel in an Ethiope's ear.
155,Wisely and slow; they stumble that run fast.
156,"The fool doth think he is wise, but the wise man knows himself to be a fool."
157,"The fool doth think he is wise, but the wise man knows himself to be a fool."
158,Not stepping o'er the bounds of modesty.
159,"Doubt that the sun doth move, doubt truth to be a liar, but never doubt I love."
160,"Neither a borrower nor a lender be; For loan oft loses both itself and friend, and borrowing dulls the edge of husbandry."
161,Tempt not a desperate man.
162,"Conscience is but a word that cowards use, devised at first to keep the strong in awe."
163,How bitter a thing it is to look into happiness through another man's eyes!
164,"So wise so young, they say, do never live long."
165,How bitter a thing it is to look into happiness through another man's eyes!
166,A horse! a horse! my kingdom for a horse!.
167,How bitter a thing it is to look into happiness through another man's eyes!
168,"What a piece of work is man! how noble in reason! how infinite in faculty! in form and moving how express and admirable! in action how like an angel! in apprehension how like a god! the beauty of the world, the paragon of animals! ."
169,"The world is grown so bad, that wrens make prey where eagles dare not perch."
170,Can one desire too much of a good thing?.
171,"The fool doth think he is wise, but the wise man knows himself to be a fool."
172,What's in a name? That which we call a rose by any other name would smell as sweet.
173,Rich gifts wax poor when givers prove unkind.
174,For you and I are past our dancing days.
175,Now is the winter of our discontent.
176,Brevity is the soul of wit.
177,"Neither a borrower nor a lender be; For loan oft loses both itself and friend, and borrowing dulls the edge of husbandry."
178,It seems she hangs upon the cheek of night like a rich jewel in an Ethiope's ear.
179,Tempt not a desperate man.
180,"Blow, blow, thou winter wind! Thou art not so unkind as man's ingratitude."
181,Rich gifts wax poor when givers prove unkind.
182,Off with his head!
183,"Good Night, Good night! Parting is such sweet sorrow, that I shall say good night till it be morrow."
184,This above all: to thine own self be true.
185,"When sorrows come, they come not single spies, but in battalions."
186,"The world is grown so bad, that wrens make prey where eagles dare not perch."
187,True is it that we have seen better days.
188,"There is nothing either good or bad, but thinking makes it so."
189,"See, how she leans her cheek upon her hand! O that I were a glove upon that hand, that I might touch that cheek!."
190,"Neither a borrower nor a lender be; For loan oft loses both itself and friend, and borrowing dulls the edge of husbandry."
191,In my mind's eye.
192,Can one desire too much of a good thing?.
193,That it should come to this!.
194,"What a piece of work is man! how noble in reason! how infinite in faculty! in form and moving how express and admirable! in action how like an angel! in apprehension how like a god! the beauty of the world, the paragon of animals! ."
195,For ever and a day.
196,Not stepping o'er the bounds of modesty.
197,Brevity is the soul of wit.
198,I like this place and willingly could waste my time in it.
199,"See, how she leans her cheek upon her hand! O that I were a glove upon that hand, that I might touch that cheek!."
200,"So wise so young, they say, do never live long."
201,"Blow, blow, thou winter wind! Thou art not so unkind as man's ingratitude."
202,True is it that we have seen better days.
203,"Blow, blow, thou winter wind! Thou art not so unkind as man's ingratitude."
204,"So wise so young, they say, do never live long."
205,"Doubt that the sun doth move, doubt truth to be a liar, but never doubt I love."
206,Tempt not a desperate man.
207,"The lady doth protest too much, methinks."
208,It seems she hangs upon the cheek of night like a rich jewel in an Ethiope's ear.
209,I like this place and willingly could waste my time in it.
210,The king's name is a tower of strength.
211,"The world is grown so bad, that wrens make prey where eagles dare not perch."
212,"So wise so young, they say, do never live long."
213,What's in a name? That which we call a rose by any other name would smell as sweet.
214,Brevity is the soul of wit.
215,For you and I are past our dancing days.
216,"When sorrows come, they come not single spies, but in battalions."
217,This above all: to thine own self be true.
218,"And it must follow, as the night the day, thou canst not then be false to any man."
219,The king's name is a tower of strength.
220,"See, how she leans her cheek upon her hand! O that I were a glove upon that hand, that I might touch that cheek!."
221,"See, how she leans her cheek upon her hand! O that I were a glove upon that hand, that I might touch that cheek!."
222,For ever and a day.
223,"Good Night, Good night! Parting is such sweet sorrow, that I shall say good night till it be morrow."
224,"All the world 's a stage, and all the men and women merely players. They have their exits and their entrances; And one man in his time plays many parts."
225,Not stepping o'er the bounds of modesty.
226,"Conscience is but a word that cowards use, devised at first to keep the strong in awe."
227,For you and I are past our dancing days.
228,"So wise so young, they say, do never live long."
229,For ever and a day.
230,"Conscience is but a word that cowards use, devised at first to keep the strong in awe."
231,"Though this be madness, yet there is method in 't."
232,"Though this be madness, yet there is method in 't."
233,"All the world 's a stage, and all the men and women merely players. They have their exits and their entrances; And one man in his time plays many parts."
234,Rich gifts wax poor when givers prove unkind.
235,"A little more than kin, and less than kind."
236,"There is nothing either good or bad, but thinking makes it so."
237,O! she doth teach the torches to burn bright.
238,The king's name is a tower of strength.
239,The king's name is a tower of strength.
240,True is it that we have seen better days.
241,"So wise so young, they say, do never live long."
242,This above all: to thine own self be true.
243,O! she doth teach the torches to burn bright.
244,I like this place and willingly could waste my time in it.
245,"O Romeo, Romeo! wherefore art thou Romeo?."
246,The play 's the thing wherein I'll catch the conscience of the king.
247,"The fool doth think he is wise, but the wise man knows himself to be a fool."
248,"Neither a borrower nor a lender be; For loan oft loses both itself and friend, and borrowing dulls the edge of husbandry."
249,"Blow, blow, thou winter wind! Thou art not so unkind as man's ingratitude."
250,"Blow, blow, thou winter wind! Thou art not so unkind as man's ingratitude."
251,"The world is grown so bad, that wrens make prey where eagles dare not perch."
252,For you and I are past our dancing days.
253,Tempt not a desperate man.
254,"The fool doth think he is wise, but the wise man knows himself to be a fool."
255,Off with his head!
256,Do you think I am easier to be played on than a pipe?
257,Not stepping o'er the bounds of modesty.
258,"To be, or not to be: that is the question."
259,Now is the winter of our discontent.
260,"What a piece of work is man! how noble in reason! how infinite in faculty! in form and moving how express and admirable! in action how like an angel! in apprehension how like a god! the beauty of the world, the paragon of animals! ."
261,Wisely and slow; they stumble that run fast.
262,Not stepping o'er the bounds of modesty.
263,How bitter a thing it is to look into happiness through another man's eyes!
264,Can one desire too much of a good thing?.
265,A horse! a horse! my kingdom for a horse!.
266,"Blow, blow, thou winter wind! Thou art not so unkind as man's ingratitude."
267,"All the world 's a stage, and all the men and women merely players. They have their exits and their entrances; And one man in his time plays many parts."
268,Can one desire too much of a good thing?.
269,Can one desire too much of a good thing?.
270,"Neither a borrower nor a lender be; For loan oft loses both itself and friend, and borrowing dulls the edge of husbandry."
271,"Blow, blow, thou winter wind! Thou art not so unkind as man's ingratitude."
272,"So wise so young, they say, do never live long."
273,Off with his head!
274,The play 's the thing wherein I'll catch the conscience of the king.
275,"All the world 's a stage, and all the men and women merely players. They have their exits and their entrances; And one man in his time plays many parts."
276,"See, how she leans her cheek upon her hand! O that I were a glove upon that hand, that I might touch that cheek!."
277,"The world is grown so bad, that wrens make prey where eagles dare not perch."
278,Can one desire too much of a good thing?.
279,"When sorrows come, they come not single spies, but in battalions."
280,"A little more than kin, and less than kind."
281,Now is the winter of our discontent.
282,Now is the winter of our discontent.
283,That it should come to this!.
284,"Blow, blow, thou winter wind! Thou art not so unkind as man's ingratitude."
285,Tempt not a desperate man.
286,"O Romeo, Romeo! wherefore art thou Romeo?."
287,"Blow, blow, thou winter wind! Thou art not so unkind as man's ingratitude."
288,"The fool doth think he is wise, but the wise man knows himself to be a fool."
289,What's in a name? That which we call a rose by any other name would smell as sweet.
290,Do you think I am easier to be played on than a pipe?
291,"A little more than kin, and less than kind."
292,Can one desire too much of a good thing?.
293,"An honest tale speeds best, being plainly told."
294,"Conscience is but a word that cowards use, devised at first to keep the strong in awe."
295,"Good Night, Good night! Parting is such sweet sorrow, that I shall say good night till it be morrow."
296,The king's name is a tower of strength.
297,True is it that we have seen better days.
298,"The fool doth think he is wise, but the wise man knows himself to be a fool."
299,Rich gifts wax poor when givers prove unkind.
300,"To be, or not to be: that is the question."
301,"So wise so young, they say, do never live long."
302,Off with his head!
303,"When sorrows come, they come not single spies, but in battalions."
304,"The fool doth think he is wise, but the wise man knows himself to be a fool."
305,Off with his head!
306,True is it that we have seen better days.
307,Now is the winter of our discontent.
308,Now is the winter of our discontent.
309,"I will speak daggers to her, but use none."
310,"I will speak daggers to her, but use none."
311,The play 's the thing wherein I'll catch the conscience of the king.
312,"I will speak daggers to her, but use none."
313,"An honest tale speeds best, being plainly told."
314,"Good Night, Good night! Parting is such sweet sorrow, that I shall say good night till it be morrow."
315,"Blow, blow, thou winter wind! Thou art not so unkind as man's ingratitude."
316,"Good Night, Good night! Parting is such sweet sorrow, that I shall say good night till it be morrow."
317,"All the world 's a stage, and all the men and women merely players. They have their exits and their entrances; And one man in his time plays many parts."
318,"It is the east, and Juliet is the sun."
319,"Conscience is but a word that cowards use, devised at first to keep the strong in awe."
320,Tempt not a desperate man.
321,"Blow, blow, thou winter wind! Thou art not so unkind as man's ingratitude."
322,How bitter a thing it is to look into happiness through another man's eyes!
323,For you and I are past our dancing days.
324,In my mind's eye.
325,"Conscience is but a word that cowards use, devised at first to keep the strong in awe."
326,"The lady doth protest too much, methinks."
327,Can one desire too much of a good thing?.
328,For you and I are past our dancing days.
329,Brevity is the soul of wit.
330,Off with his head!
331,Now is the winter of our discontent.
332,"Good Night, Good night! Parting is such sweet sorrow, that I shall say good night till it be morrow."
333,"When sorrows come, they come not single spies, but in battalions."
334,In my mind's eye.
335,"See, how she leans her cheek upon her hand! O that I were a glove upon that hand, that I might touch that cheek!."
336,For ever and a day.
337,True is it that we have seen better days.
338,I like this place and willingly could waste my time in it.
339,For you and I are past our dancing days.
340,"An honest tale speeds best, being plainly told."
341,"Conscience is but a word that cowards use, devised at first to keep the strong in awe."
342,Do you think I am easier to be played on than a pipe?
343,Brevity is the soul of wit.
344,Can one desire too much of a good thing?.
345,"I will speak daggers to her, but use none."
346,Tempt not a desperate man.
347,O! she doth teach the torches to burn bright.
348,Tempt not a desperate man.
349,"Neither a borrower nor a lender be; For loan oft loses both itself and friend, and borrowing dulls the edge of husbandry."
350,"The world is grown so bad, that wrens make prey where eagles dare not perch."
351,Now is the winter of our discontent.
352,It seems she hangs upon the cheek of night like a rich jewel in an Ethiope's ear.
353,O! she doth teach the torches to burn bright.
354,"There is nothing either good or bad, but thinking makes it so."
355,A horse! a horse! my kingdom for a horse!.
356,In my mind's eye.
357,A horse! a horse! my kingdom for a horse!.
358,The king's name is a tower of strength.
359,A horse! a horse! my kingdom for a horse!.
360,"The fool doth think he is wise, but the wise man knows himself to be a fool."
361,"It is the east, and Juliet is the sun."
362,In my mind's eye.
363,"When sorrows come, they come not single spies, but in battalions."
364,Can one desire too much of a good thing?.
365,A horse! a horse! my kingdom for a horse!.
366,Now is the winter of our discontent.
367,Do you think I am easier to be played on than a pipe?
368,This above all: to thine own self be true.
369,"To be, or not to be: that is the question."
370,"Doubt that the sun doth move, doubt truth to be a liar, but never doubt I love."
371,Tempt not a desperate man.
372,The play 's the thing wherein I'll catch the conscience of the king.
373,What's in a name? That which we call a rose by any other name would smell as sweet.
374,"See, how she leans her cheek upon her hand! O that I were a glove upon that hand, that I might touch that cheek!."
375,"O Romeo, Romeo! wherefore art thou Romeo?."
376,Rich gifts wax poor when givers prove unkind.
377,Not stepping o'er the bounds of modesty.
378,"Blow, blow, thou winter wind! Thou art not so unkind as man's ingratitude."
379,"Blow, blow, thou winter wind! Thou art not so unkind as man's ingratitude."
380,True is it that we have seen better days.
381,"The lady doth protest too much, methinks."
382,Can one desire too much of a good thing?.
383,"An honest tale speeds best, being plainly told."
384,Wisely and slow; they stumble that run fast.
385,"There is nothing either good or bad, but thinking makes it so."
386,"The world is grown so bad, that wrens make prey where eagles dare not perch."
387,"To be, or not to be: that is the question."
388,"The fool doth think he is wise, but the wise man knows himself to be a fool."
389,"It is the east, and Juliet is the sun."
390,"Blow, blow, thou winter wind! Thou art not so unkind as man's ingratitude."
391,A horse! a horse! my kingdom for a horse!.
392,Off with his head!
393,The king's name is a tower of strength.
394,The king's name is a tower of strength.
395,What's in a name? That which we call a rose by any other name would smell as sweet.
396,"Blow, blow, thou winter wind! Thou art not so unkind as man's ingratitude."
397,"Blow, blow, thou winter wind! Thou art not so unkind as man's ingratitude."
398,I like this place and willingly could waste my time in it.
399,A horse! a horse! my kingdom for a horse!.
400,"It is the east, and Juliet is the sun."
401,For ever and a day.
402,True is it that we have seen better days.
403,Rich gifts wax poor when givers prove unkind.
404,"The fool doth think he is wise, but the wise man knows himself to be a fool."
405,"Blow, blow, thou winter wind! Thou art not so unkind as man's ingratitude."
406,"O Romeo, Romeo! wherefore art thou Romeo?."
407,"Conscience is but a word that cowards use, devised at first to keep the strong in awe."
408,"I will speak daggers to her, but use none."
409,"What a piece of work is man! how noble in reason! how infinite in faculty! in form and moving how express and admirable! in action how like an angel! in apprehension how like a god! the beauty of the world, the paragon of animals! ."
410,"To be, or not to be: that is the question."
411,Off with his head!
412,"The fool doth think he is wise, but the wise man knows himself to be a fool."
413,"So wise so young, they say, do never live long."
414,The king's name is a tower of strength.
415,"And it must follow, as the night the day, thou canst not then be false to any man."
416,Not stepping o'er the bounds of modesty.
417,"Good Night, Good night! Parting is such sweet sorrow, that I shall say good night till it be morrow."
418,"So wise so young, they say, do never live long."
419,"Blow, blow, thou winter wind! Thou art not so unkind as man's ingratitude."
420,"I will speak daggers to her, but use none."
421,I like this place and willingly could waste my time in it.
422,For ever and a day.
423,This above all: to thine own self be true.
424,Can one desire too much of a good thing?.
425,"The world is grown so bad, that wrens make prey where eagles dare not perch."
426,Not stepping o'er the bounds of modesty.
427,"An honest tale speeds best, being plainly told."
428,Wisely and slow; they stumble that run fast.
429,Tempt not a desperate man.
430,The play 's the thing wherein I'll catch the conscience of the king.
431,The king's name is a tower of strength.
432,"When sorrows come, they come not single spies, but in battalions."
433,Off with his head!
434,This above all: to thine own self be true.
435,"O Romeo, Romeo! wherefore art thou Romeo?."
436,True is it that we have seen better days.
437,True is it that we have seen better days.
438,True is it that we have seen better days.
439,Now is the winter of our discontent.
440,"An honest tale speeds best, being plainly told."
441,For ever and a day.
442,O! she doth teach the torches to burn bright.
443,Off with his head!
444,Rich gifts wax poor when givers prove unkind.
445,"So wise so young, they say, do never live long."
446,O! she doth teach the torches to burn bright.
447,"Blow, blow, thou winter wind! Thou art not so unkind as man's ingratitude."
448,"So wise so young, they say, do never live long."
449,"Neither a borrower nor a lender be; For loan oft loses both itself and friend, and borrowing dulls the edge of husbandry."
450,"Doubt that the sun doth move, doubt truth to be a liar, but never doubt I love."
451,Now is the winter of our discontent.
452,For you and I are past our dancing days.
453,"An honest tale speeds best, being plainly told."
454,"When sorrows come, they come not single spies, but in battalions."
455,For you and I are past our dancing days.
456,In my mind's eye.
457,"O Romeo, Romeo! wherefore art thou Romeo?."
458,"The fool doth think he is wise, but the wise man knows himself to be a fool."
459,"All the world 's a stage, and all the men and women merely players. They have their exits and their entrances; And one man in his time plays many parts."
460,What's in a name? That which we call a rose by any other name would smell as sweet.
461,"It is the east, and Juliet is the sun."
462,I like this place and willingly could waste my time in it.
463,Off with his head!
464,What's in a name? That which we call a rose by any other name would smell as sweet.
465,"The fool doth think he is wise, but the wise man knows himself to be a fool."
466,"Good Night, Good night! Parting is such sweet sorrow, that I shall say good night till it be morrow."
467,"So wise so young, they say, do never live long."
468,"Conscience is but a word that cowards use, devised at first to keep the strong in awe."
469,For you and I are past our dancing days.
470,"To be, or not to be: that is the question."
471,Can one desire too much of a good thing?.
472,Do you think I am easier to be played on than a pipe?
473,Do you think I am easier to be played on than a pipe?
474,For ever and a day.
475,"All the world 's a stage, and all the men and women merely players. They have their exits and their entrances; And one man in his time plays many parts."
476,How bitter a thing it is to look into happiness through another man's eyes!
477,Rich gifts wax poor when givers prove unkind.
478,It seems she hangs upon the cheek of night like a rich jewel in an Ethiope's ear.
479,What's in a name? That which we call a rose by any other name would smell as sweet.
480,Not stepping o'er the bounds of modesty.
481,Can one desire too much of a good thing?.
482,"Blow, blow, thou winter wind! Thou art not so unkind as man's ingratitude."
483,"To be, or not to be: that is the question."
484,"Blow, blow, thou winter wind! Thou art not so unkind as man's ingratitude."
485,"Good Night, Good night! Parting is such sweet sorrow, that I shall say good night till it be morrow."
486,For you and I are past our dancing days.
487,Now is the winter of our discontent.
488,O! she doth teach the torches to burn bright.
489,"A little more than kin, and less than kind."
490,I like this place and willingly could waste my time in it.
491,Not stepping o'er the bounds of modesty.
492,What's in a name? That which we call a rose by any other name would smell as sweet.
493,Now is the winter of our discontent.
494,"It is the east, and Juliet is the sun."
495,Can one desire too much of a good thing?.
496,Do you think I am easier to be played on than a pipe?
497,"Neither a borrower nor a lender be; For loan oft loses both itself and friend, and borrowing dulls the edge of husbandry."
498,"O Romeo, Romeo! wherefore art thou Romeo?."
499,True is it that we have seen better days.
500,"An honest tale speeds best, being plainly told."
501,Off with his head!
502,I like this place and willingly could waste my time in it.
503,"Blow, blow, thou winter wind! Thou art not so unkind as man's ingratitude."
504,Wisely and slow; they stumble that run fast.
505,"I will speak daggers to her, but use none."
506,Not stepping o'er the bounds of modesty.
507,"What a piece of work is man! how noble in reason! how infinite in faculty! in form and moving how express and admirable! in action how like an angel! in apprehension how like a god! the beauty of the world, the paragon of animals! ."
508,"The world is grown so bad, that wrens make prey where eagles dare not perch."
509,"See, how she leans her cheek upon her hand! O that I were a glove upon that hand, that I might touch that cheek!."
510,Wisely and slow; they stumble that run fast.
511,This above all: to thine own self be true.
512,True is it that we have seen better days.
513,How bitter a thing it is to look into happiness through another man's eyes!
514,Not stepping o'er the bounds of modesty.
515,The play 's the thing wherein I'll catch the conscience of the king.
516,The play 's the thing wherein I'll catch the conscience of the king.
517,That it should come to this!.
518,"Though this be madness, yet there is method in 't."
519,Off with his head!
520,For ever and a day.
521,"The world is grown so bad, that wrens make prey where eagles dare not perch."
522,"Conscience is but a word that cowards use, devised at first to keep the strong in awe."
523,Off with his head!
524,Off with his head!
525,"Conscience is but a word that cowards use, devised at first to keep the strong in awe."
526,"Doubt that the sun doth move, doubt truth to be a liar, but never doubt I love."
527,The king's name is a tower of strength.
528,I like this place and willingly could waste my time in it.
529,"The fool doth think he is wise, but the wise man knows himself to be a fool."
530,O! she doth teach the torches to burn bright.
531,The play 's the thing wherein I'll catch the conscience of the king.
532,How bitter a thing it is to look into happiness through another man's eyes!
533,"Conscience is but a word that cowards use, devised at first to keep the strong in awe."
534,"O Romeo, Romeo! wherefore art thou Romeo?."
535,"It is the east, and Juliet is the sun."
536,For you and I are past our dancing days.
537,Wisely and slow; they stumble that run fast.
538,"The world is grown so bad, that wrens make prey where eagles dare not perch."
539,"Though this be madness, yet there is method in 't."
540,True is it that we have seen better days.
541,It seems she hangs upon the cheek of night like a rich jewel in an Ethiope's ear.
542,Brevity is the soul of wit.
543,"It is the east, and Juliet is the sun."
544,How bitter a thing it is to look into happiness through another man's eyes!
545,"Good Night, Good night! Parting is such sweet sorrow, that I shall say good night till it be morrow."
546,Rich gifts wax poor when givers prove unkind.
547,"The lady doth protest too much, methinks."
548,"Blow, blow, thou winter wind! Thou art not so unkind as man's ingratitude."
549,Brevity is the soul of wit.
550,"Blow, blow, thou winter wind! Thou art not so unkind as man's ingratitude."
551,This above all: to thine own self be true.
552,"So wise so young, they say, do never live long."
553,In my mind's eye.
554,Tempt not a desperate man.
555,"So wise so young, they say, do never live long."
556,"So wise so young, they say, do never live long."
557,"All the world 's a stage, and all the men and women merely players. They have their exits and their entrances; And one man in his time plays many parts."
558,True is it that we have seen better days.
559,"I will speak daggers to her, but use none."
560,I like this place and willingly could waste my time in it.
561,"The world is grown so bad, that wrens make prey where eagles dare not perch."
562,The king's name is a tower of strength.
563,"An honest tale speeds best, being plainly told."
564,A horse! a horse! my kingdom for a horse!.
565,For ever and a day.
566,The king's name is a tower of strength.
567,"Good Night, Good night! Parting is such sweet sorrow, that I shall say good night till it be morrow."
568,Off with his head!
569,"The lady doth protest too much, methinks."
570,Wisely and slow; they stumble that run fast.
571,"O Romeo, Romeo! wherefore art thou Romeo?."
572,"And it must follow, as the night the day, thou canst not then be false to any man."
573,"Though this be madness, yet there is method in 't."
574,"When sorrows come, they come not single spies, but in battalions."
575,"Conscience is but a word that cowards use, devised at first to keep the strong in awe."
576,Brevity is the soul of wit.
577,What's in a name? That which we call a rose by any other name would smell as sweet.
578,"Neither a borrower nor a lender be; For loan oft loses both itself and friend, and borrowing dulls the edge of husbandry."
579,"Conscience is but a word that cowards use, devised at first to keep the strong in awe."
580,Can one desire too much of a good thing?.
581,"All the world 's a stage, and all the men and women merely players. They have their exits and their entrances; And one man in his time plays many parts."
582,I like this place and willingly could waste my time in it.
583,"I will speak daggers to her, but use none."
584,True is it that we have seen better days.
585,"It is the east, and Juliet is the sun."
586,"An honest tale speeds best, being plainly told."
587,Now is the winter of our discontent.
588,Not stepping o'er the bounds of modesty.
589,I like this place and willingly could waste my time in it.
590,The play 's the thing wherein I'll catch the conscience of the king.
591,"An honest tale speeds best, being plainly told."
592,A horse! a horse! my kingdom for a horse!.
593,"The world is grown so bad, that wrens make prey where eagles dare not perch."
594,"The world is grown so bad, that wrens make prey where eagles dare not perch."
595,"Though this be madness, yet there is method in 't."
596,"Though this be madness, yet there is method in 't."
597,"All the world 's a stage, and all the men and women merely players. They have their exits and their entrances; And one man in his time plays many parts."
598,How bitter a thing it is to look into happiness through another man's eyes!
599,Can one desire too much of a good thing?.
600,"Blow, blow, thou winter wind! Thou art not so unkind as man's ingratitude."
601,In my mind's eye.
602,Do you think I am easier to be played on than a pipe?
603,A horse! a horse! my kingdom for a horse!.
604,"So wise so young, they say, do never live long."
605,O! she doth teach the torches to burn bright.
606,"Conscience is but a word that cowards use, devised at first to keep the strong in awe."
607,"The lady doth protest too much, methinks."
608,Can one desire too much of a good thing?.
609,For ever and a day.
610,True is it that we have seen better days.
611,"Blow, blow, thou winter wind! Thou art not so unkind as man's ingratitude."
612,Tempt not a desperate man.
613,"The fool doth think he is wise, but the wise man knows himself to be a fool."
614,"The world is grown so bad, that wrens make prey where eagles dare not perch."
615,O! she doth teach the torches to burn bright.
616,"To be, or not to be: that is the question."
617,For ever and a day.
618,"Conscience is but a word that cowards use, devised at first to keep the strong in awe."
619,"The fool doth think he is wise, but the wise man knows himself to be a fool."
620,How bitter a thing it is to look into happiness through another man's eyes!
621,"So wise so young, they say, do never live long."
622,For ever and a day.
623,Off with his head!
624,Off with his head!
625,O! she doth teach the torches to burn bright.
626,"The world is grown so bad, that wrens make prey where eagles dare not perch."
627,O! she doth teach the torches to burn bright.
628,"When sorrows come, they come not single spies, but in battalions."
629,That it should come to this!.
630,Brevity is the soul of wit.
631,"The lady doth protest too much, methinks."
632,"All the world 's a stage, and all the men and women merely players. They have their exits and their entrances; And one man in his time plays many parts."
633,Tempt not a desperate man.
634,That it should come to this!.
635,True is it that we have seen better days.
636,True is it that we have seen better days.
637,Can one desire too much of a good thing?.
638,"Good Night, Good night! Parting is such sweet sorrow, that I shall say good night till it be morrow."
639,"There is nothing either good or bad, but thinking makes it so."
640,"See, how she leans her cheek upon her hand! O that I were a glove upon that hand, that I might touch that cheek!."
641,Can one desire too much of a good thing?.
642,Can one desire too much of a good thing?.
643,What's in a name? That which we call a rose by any other name would smell as sweet.
644,Off with his head!
645,In my mind's eye.
646,"To be, or not to be: that is the question."
647,"All the world 's a stage, and all the men and women merely players. They have their exits and their entrances; And one man in his time plays many parts."
648,The play 's the thing wherein I'll catch the conscience of the king.
649,"The world is grown so bad, that wrens make prey where eagles dare not perch."
650,"Blow, blow, thou winter wind! Thou art not so unkind as man's ingratitude."
651,Brevity is the soul of wit.
652,"See, how she leans her cheek upon her hand! O that I were a glove upon that hand, that I might touch that cheek!."
653,Wisely and slow; they stumble that run fast.
654,Tempt not a desperate man.
655,"The lady doth protest too much, methinks."
656,It seems she hangs upon the cheek of night like a rich jewel in an Ethiope's ear.
657,Not stepping o'er the bounds of modesty.
658,It seems she hangs upon the cheek of night like a rich jewel in an Ethiope's ear.
659,Wisely and slow; they stumble that run fast.
660,That it should come to this!.
661,I like this place and willingly could waste my time in it.
662,"All the world 's a stage, and all the men and women merely players. They have their exits and their entrances; And one man in his time plays many parts."
663,"An honest tale speeds best, being plainly told."
664,For you and I are past our dancing days.
665,"The world is grown so bad, that wrens make prey where eagles dare not perch."
666,I like this place and willingly could waste my time in it.
667,"O Romeo, Romeo! wherefore art thou Romeo?."
668,True is it that we have seen better days.
669,A horse! a horse! my kingdom for a horse!.
670,It seems she hangs upon the cheek of night like a rich jewel in an Ethiope's ear.
671,"So wise so young, they say, do never live long."
672,Off with his head!
673,"Doubt that the sun doth move, doubt truth to be a liar, but never doubt I love."
674,"All the world 's a stage, and all the men and women merely players. They have their exits and their entrances; And one man in his time plays many parts."
675,"It is the east, and Juliet is the sun."
676,"O Romeo, Romeo! wherefore art thou Romeo?."
677,"See, how she leans her cheek upon her hand! O that I were a glove upon that hand, that I might touch that cheek!."
678,It seems she hangs upon the cheek of night like a rich jewel in an Ethiope's ear.
679,Wisely and slow; they stumble that run fast.
680,Do you think I am easier to be played on than a pipe?
681,"To be, or not to be: that is the question."
682,A horse! a horse! my kingdom for a horse!.
683,Now is the winter of our discontent.
684,O! she doth teach the torches to burn bright.
685,"Conscience is but a word that cowards use, devised at first to keep the strong in awe."
686,A horse! a horse! my kingdom for a horse!.
687,"All the world 's a stage, and all the men and women merely players. They have their exits and their entrances; And one man in his time plays many parts."
688,"See, how she leans her cheek upon her hand! O that I were a glove upon that hand, that I might touch that cheek!."
689,"And it must follow, as the night the day, thou canst not then be false to any man."
690,"A little more than kin, and less than kind."
691,What's in a name? That which we call a rose by any other name would smell as sweet.
692,Now is the winter of our discontent.
693,Can one desire too much of a good thing?.
694,Off with his head!
695,A horse! a horse! my kingdom for a horse!.
696,"Good Night, Good night! Parting is such sweet sorrow, that I shall say good night till it be morrow."
697,Can one desire too much of a good thing?.
698,What's in a name? That which we call a rose by any other name would smell as sweet.
699,"Conscience is but a word that cowards use, devised at first to keep the strong in awe."
700,For ever and a day.
701,How bitter a thing it is to look into happiness through another man's eyes!
702,"Doubt that the sun doth move, doubt truth to be a liar, but never doubt I love."
703,What's in a name? That which we call a rose by any other name would smell as sweet.
704,I like this place and willingly could waste my time in it.
705,"Doubt that the sun doth move, doubt truth to be a liar, but never doubt I love."
706,In my mind's eye.
707,"Conscience is but a word that cowards use, devised at first to keep the strong in awe."
708,It seems she hangs upon the cheek of night like a rich jewel in an Ethiope's ear.
709,"The world is grown so bad, that wrens make prey where eagles dare not perch."
710,O! she doth teach the torches to burn bright.
711,A horse! a horse! my kingdom for a horse!.
712,"It is the east, and Juliet is the sun."
713,"The world is grown so bad, that wrens make prey where eagles dare not perch."
714,A horse! a horse! my kingdom for a horse!.
715,Can one desire too much of a good thing?.
716,"The fool doth think he is wise, but the wise man knows himself to be a fool."
717,What's in a name? That which we call a rose by any other name would smell as sweet.
718,"There is nothing either good or bad, but thinking makes it so."
719,"It is the east, and Juliet is the sun."
720,"To be, or not to be: that is the question."
721,How bitter a thing it is to look into happiness through another man's eyes!
722,"All the world 's a stage, and all the men and women merely players. They have their exits and their entrances; And one man in his time plays many parts."
723,"The fool doth think he is wise, but the wise man knows himself to be a fool."
724,"Good Night, Good night! Parting is such sweet sorrow, that I shall say good night till it be morrow."
725,"The fool doth think he is wise, but the wise man knows himself to be a fool."
726,Wisely and slow; they stumble that run fast.
727,"Neither a borrower nor a lender be; For loan oft loses both itself and friend, and borrowing dulls the edge of husbandry."
728,Wisely and slow; they stumble that run fast.
729,O! she doth teach the torches to burn bright.
730,"The world is grown so bad, that wrens make prey where eagles dare not perch."
731,"The lady doth protest too much, methinks."
732,"Neither a borrower nor a lender be; For loan oft loses both itself and friend, and borrowing dulls the edge of husbandry."
733,True is it that we have seen better days.
734,"Blow, blow, thou winter wind! Thou art not so unkind as man's ingratitude."
735,Wisely and slow; they stumble that run fast.
736,I like this place and willingly could waste my time in it.
737,"The lady doth protest too much, methinks."
738,Off with his head!
739,For you and I are past our dancing days.
740,"So wise so young, they say, do never live long."
741,"The world is grown so bad, that wrens make prey where eagles dare not perch."
742,How bitter a thing it is to look into happiness through another man's eyes!
743,"To be, or not to be: that is the question."
744,"Neither a borrower nor a lender be; For loan oft loses both itself and friend, and borrowing dulls the edge of husbandry."
745,"I will speak daggers to her, but use none."
746,The king's name is a tower of strength.
747,"The world is grown so bad, that wrens make prey where eagles dare not perch."
748,"The fool doth think he is wise, but the wise man knows himself to be a fool."
749,A horse! a horse! my kingdom for a horse!.
750,Now is the winter of our discontent.
751,"O Romeo, Romeo! wherefore art thou Romeo?."
752,The king's name is a tower of strength.
753,Rich gifts wax poor when givers prove unkind.
754,"What a piece of work is man! how noble in reason! how infinite in faculty! in form and moving how express and admirable! in action how like an angel! in apprehension how like a god! the beauty of the world, the paragon of animals! ."
755,Off with his head!
756,Not stepping o'er the bounds of modesty.
757,Can one desire too much of a good thing?.
758,I like this place and willingly could waste my time in it.
759,"O Romeo, Romeo! wherefore art thou Romeo?."
760,The king's name is a tower of strength.
761,"So wise so young, they say, do never live long."
762,Rich gifts wax poor when givers prove unkind.
763,"An honest tale speeds best, being plainly told."
764,Tempt not a desperate man.
765,How bitter a thing it is to look into happiness through another man's eyes!
766,"When sorrows come, they come not single spies, but in battalions."
767,A horse! a horse! my kingdom for a horse!.
768,"It is the east, and Juliet is the sun."
769,"Blow, blow, thou winter wind! Thou art not so unkind as man's ingratitude."
770,Off with his head!
771,Off with his head!
772,A horse! a horse! my kingdom for a horse!.
773,For ever and a day.
774,I like this place and willingly could waste my time in it.
775,"Conscience is but a word that cowards use, devised at first to keep the strong in awe."
776,"The world is grown so bad, that wrens make prey where eagles dare not perch."
777,"What a piece of work is man! how noble in reason! how infinite in faculty! in form and moving how express and admirable! in action how like an angel! in apprehension how like a god! the beauty of the world, the paragon of animals! ."
778,Wisely and slow; they stumble that run fast.
779,"Conscience is but a word that cowards use, devised at first to keep the strong in awe."
780,The king's name is a tower of strength.
781,"So wise so young, they say, do never live long."
782,For you and I are past our dancing days.
783,I like this place and willingly could waste my time in it.
784,"There is nothing either good or bad, but thinking makes it so."
785,A horse! a horse! my kingdom for a horse!.
786,I like this place and willingly could waste my time in it.
787,"The world is grown so bad, that wrens make prey where eagles dare not perch."
788,"Blow, blow, thou winter wind! Thou art not so unkind as man's ingratitude."
789,"There is nothing either good or bad, but thinking makes it so."
790,"O Romeo, Romeo! wherefore art thou Romeo?."
791,Can one desire too much of a good thing?.
792,A horse! a horse! my kingdom for a horse!.
793,Do you think I am easier to be played on than a pipe?
794,Rich gifts wax poor when givers prove unkind.
795,A horse! a horse! my kingdom for a horse!.
796,"A little more than kin, and less than kind."
797,Not stepping o'er the bounds of modesty.
798,In my mind's eye.
799,"O Romeo, Romeo! wherefore art thou Romeo?."
800,Wisely and slow; they stumble that run fast.
801,It seems she hangs upon the cheek of night like a rich jewel in an Ethiope's ear.
802,"A little more than kin, and less than kind."
803,"The world is grown so bad, that wrens make prey where eagles dare not perch."
804,The king's name is a tower of strength.
805,"To be, or not to be: that is the question."
806,In my mind's eye.
807,Can one desire too much of a good thing?.
808,"Doubt that the sun doth move, doubt truth to be a liar, but never doubt I love."
809,True is it that we have seen better days.
810,"All the world 's a stage, and all the men and women merely players. They have their exits and their entrances; And one man in his time plays many parts."
811,"Good Night, Good night! Parting is such sweet sorrow, that I shall say good night till it be morrow."
812,What's in a name? That which we call a rose by any other name would smell as sweet.
813,True is it that we have seen better days.
814,"The world is grown so bad, that wrens make prey where eagles dare not perch."
815,Not stepping o'er the bounds of modesty.
816,"All the world 's a stage, and all the men and women merely players. They have their exits and their entrances; And one man in his time plays many parts."
817,"I will speak daggers to her, but use none."
818,"To be, or not to be: that is the question."
819,"All the world 's a stage, and all the men and women merely players. They have their exits and their entrances; And one man in his time plays many parts."
820,Off with his head!
821,Tempt not a desperate man.
822,"And it must follow, as the night the day, thou canst not then be false to any man."
823,A horse! a horse! my kingdom for a horse!.
824,"See, how she leans her cheek upon her hand! O that I were a glove upon that hand, that I might touch that cheek!."
825,Now is the winter of our discontent.
826,"O Romeo, Romeo! wherefore art thou Romeo?."
827,For ever and a day.
828,Not stepping o'er the bounds of modesty.
829,"Conscience is but a word that cowards use, devised at first to keep the strong in awe."
830,How bitter a thing it is to look into happiness through another man's eyes!
831,"The world is grown so bad, that wrens make prey where eagles dare not perch."
832,I like this place and willingly could waste my time in it.
833,Rich gifts wax poor when givers prove unkind.
834,Off with his head!
835,That it should come to this!.
836,Now is the winter of our discontent.
837,"It is the east, and Juliet is the sun."
838,Can one desire too much of a good thing?.
839,True is it that we have seen better days.
840,"All the world 's a stage, and all the men and women merely players. They have their exits and their entrances; And one man in his time plays many parts."
841,For ever and a day.
842,How bitter a thing it is to look into happiness through another man's eyes!
843,For ever and a day.
844,Not stepping o'er the bounds of modesty.
845,"Conscience is but a word that cowards use, devised at first to keep the strong in awe."
846,"A little more than kin, and less than kind."
847,"An honest tale speeds best, being plainly told."
848,That it should come to this!.
849,Off with his head!
850,Can one desire too much of a good thing?.
851,That it should come to this!.
852,Wisely and slow; they stumble that run fast.
853,"The fool doth think he is wise, but the wise man knows himself to be a fool."
854,For ever and a day.
855,For ever and a day.
856,The king's name is a tower of strength.
857,A horse! a horse! my kingdom for a horse!.
858,Rich gifts wax poor when givers prove unkind.
859,"See, how she leans her cheek upon her hand! O that I were a glove upon that hand, that I might touch that cheek!."
860,"It is the east, and Juliet is the sun."
861,Now is the winter of our discontent.
862,It seems she hangs upon the cheek of night like a rich jewel in an Ethiope's ear.
863,Can one desire too much of a good thing?.
864,What's in a name? That which we call a rose by any other name would smell as sweet.
865,"It is the east, and Juliet is the sun."
866,The king's name is a tower of strength.
867,Do you think I am easier to be played on than a pipe?
868,"When sorrows come, they come not single spies, but in battalions."
869,"An honest tale speeds best, being plainly told."
870,I like this place and willingly could waste my time in it.
871,Not stepping o'er the bounds of modesty.
872,True is it that we have seen better days.
873,"The world is grown so bad, that wrens make prey where eagles dare not perch."
874,Can one desire too much of a good thing?.
875,"What a piece of work is man! how noble in reason! how infinite in faculty! in form and moving how express and admirable! in action how like an angel! in apprehension how like a god! the beauty of the world, the paragon of animals! ."
876,I like this place and willingly could waste my time in it.
877,What's in a name? That which we call a rose by any other name would smell as sweet.
878,"Though this be madness, yet there is method in 't."
879,For you and I are past our dancing days.
880,"So wise so young, they say, do never live long."
881,"Neither a borrower nor a lender be; For loan oft loses both itself and friend, and borrowing dulls the edge of husbandry."
882,How bitter a thing it is to look into happiness through another man's eyes!
883,It seems she hangs upon the cheek of night like a rich jewel in an Ethiope's ear.
884,"What a piece of work is man! how noble in reason! how infinite in faculty! in form and moving how express and admirable! in action how like an angel! in apprehension how like a god! the beauty of the world, the paragon of animals! ."
885,"All the world 's a stage, and all the men and women merely players. They have their exits and their entrances; And one man in his time plays many parts."
886,"A little more than kin, and less than kind."
887,Can one desire too much of a good thing?.
888,O! she doth teach the torches to burn bright.
889,"Conscience is but a word that cowards use, devised at first to keep the strong in awe."
890,O! she doth teach the torches to burn bright.
891,I like this place and willingly could waste my time in it.
892,"Good Night, Good night! Parting is such sweet sorrow, that I shall say good night till it be morrow."
893,"The fool doth think he is wise, but the wise man knows himself to be a fool."
894,"An honest tale speeds best, being plainly told."
895,O! she doth teach the torches to burn bright.
896,"Conscience is but a word that cowards use, devised at first to keep the strong in awe."
897,I like this place and willingly could waste my time in it.
898,I like this place and willingly could waste my time in it.
899,"See, how she leans her cheek upon her hand! O that I were a glove upon that hand, that I might touch that cheek!."
900,"The fool doth think he is wise, but the wise man knows himself to be a fool."
901,"When sorrows come, they come not single spies, but in battalions."
902,"Good Night, Good night! Parting is such sweet sorrow, that I shall say good night till it be morrow."
903,How bitter a thing it is to look into happiness through another man's eyes!
904,Brevity is the soul of wit.
905,What's in a name? That which we call a rose by any other name would smell as sweet.
906,Do you think I am easier to be played on than a pipe?
907,Now is the winter of our discontent.
908,"When sorrows come, they come not single spies, but in battalions."
909,Rich gifts wax poor when givers prove unkind.
910,How bitter a thing it is to look into happiness through another man's eyes!
911,"The lady doth protest too much, methinks."
912,Can one desire too much of a good thing?.
913,Not stepping o'er the bounds of modesty.
914,Off with his head!
915,The king's name is a tower of strength.
916,"To be, or not to be: that is the question."
917,True is it that we have seen better days.
918,"Conscience is but a word that cowards use, devised at first to keep the strong in awe."
919,Wisely and slow; they stumble that run fast.
920,"I will speak daggers to her, but use none."
921,In my mind's eye.
922,That it should come to this!.
923,I like this place and willingly could waste my time in it.
924,"Blow, blow, thou winter wind! Thou art not so unkind as man's ingratitude."
925,"See, how she leans her cheek upon her hand! O that I were a glove upon that hand, that I might touch that cheek!."
926,"Doubt that the sun doth move, doubt truth to be a liar, but never doubt I love."
927,"Blow, blow, thou winter wind! Thou art not so unkind as man's ingratitude."
928,"To be, or not to be: that is the question."
929,The king's name is a tower of strength.
930,"Blow, blow, thou winter wind! Thou art not so unkind as man's ingratitude."
931,"Neither a borrower nor a lender be; For loan oft loses both itself and friend, and borrowing dulls the edge of husbandry."
932,"An honest tale speeds best, being plainly told."
933,It seems she hangs upon the cheek of night like a rich jewel in an Ethiope's ear.
934,"The world is grown so bad, that wrens make prey where eagles dare not perch."
935,Now is the winter of our discontent.
936,"Good Night, Good night! Parting is such sweet sorrow, that I shall say good night till it be morrow."
937,Wisely and slow; they stumble that run fast.
938,"Good Night, Good night! Parting is such sweet sorrow, that I shall say good night till it be morrow."
939,Not stepping o'er the bounds of modesty.
940,Wisely and slow; they stumble that run fast.
941,The king's name is a tower of strength.
942,"Though this be madness, yet there is method in 't."
943,"An honest tale speeds best, being plainly told."
944,What's in a name? That which we call a rose by any other name would smell as sweet.
945,Off with his head!
946,"Blow, blow, thou winter wind! Thou art not so unkind as man's ingratitude."
947,Can one desire too much of a good thing?.
948,How bitter a thing it is to look into happiness through another man's eyes!
949,"And it must follow, as the night the day, thou canst not then be false to any man."
950,"A little more than kin, and less than kind."
951,"Though this be madness, yet there is method in 't."
952,What's in a name? That which we call a rose by any other name would smell as sweet.
953,I like this place and willingly could waste my time in it.
954,"Conscience is but a word that cowards use, devised at first to keep the strong in awe."
955,"The fool doth think he is wise, but the wise man knows himself to be a fool."
956,"So wise so young, they say, do never live long."
957,This above all: to thine own self be true.
958,"And it must follow, as the night the day, thou canst not then be false to any man."
959,Now is the winter of our discontent.
960,How bitter a thing it is to look into happiness through another man's eyes!
961,"An honest tale speeds best, being plainly told."
962,Tempt not a desperate man.
963,"Conscience is but a word that cowards use, devised at first to keep the strong in awe."
964,Do you think I am easier to be played on than a pipe?
965,Brevity is the soul of wit.
966,"I will speak daggers to her, but use none."
967,"And it must follow, as the night the day, thou canst not then be false to any man."
968,The play 's the thing wherein I'll catch the conscience of the king.
969,True is it that we have seen better days.
970,A horse! a horse! my kingdom for a horse!.
971,That it should come to this!.
972,"Neither a borrower nor a lender be; For loan oft loses both itself and friend, and borrowing dulls the edge of husbandry."
973,For ever and a day.
974,Can one desire too much of a good thing?.
975,How bitter a thing it is to look into happiness through another man's eyes!
976,Can one desire too much of a good thing?.
977,Now is the winter of our discontent.
978,"So wise so young, they say, do never live long."
979,"An honest tale speeds best, being plainly told."
980,Tempt not a desperate man.
981,"The lady doth protest too much, methinks."
982,Now is the winter of our discontent.
983,"So wise so young, they say, do never live long."
984,"See, how she leans her cheek upon her hand! O that I were a glove upon that hand, that I might touch that cheek!."
985,"See, how she leans her cheek upon her hand! O that I were a glove upon that hand, that I might touch that cheek!."
986,Now is the winter of our discontent.
987,Off with his head!
988,Off with his head!
989,"And it must follow, as the night the day, thou canst not then be false to any man."
990,Can one desire too much of a good thing?.
991,"All the world 's a stage, and all the men and women merely players. They have their exits and their entrances; And one man in his time plays many parts."
992,"What a piece of work is man! how noble in reason! how infinite in faculty! in form and moving how express and admirable! in action how like an angel! in apprehension how like a god! the beauty of the world, the paragon of animals! ."
993,The play 's the thing wherein I'll catch the conscience of the king.
994,"It is the east, and Juliet is the sun."
995,For ever and a day.
996,"A little more than kin, and less than kind."
997,"O Romeo, Romeo! wherefore art thou Romeo?."
998,It seems she hangs upon the cheek of night like a rich jewel in an Ethiope's ear.
999,Can one desire too much of a good thing?.
1000,Now is the winter of our discontent.
1001,"It is the east, and Juliet is the sun."
1002,How bitter a thing it is to look into happiness through another man's eyes!
1003,A horse! a horse! my kingdom for a horse!.
1004,For ever and a day.
1005,"So wise so young, they say, do never live long."
1006,O! she doth teach the torches to burn bright.
1007,"The fool doth think he is wise, but the wise man knows himself to be a fool."
1008,For ever and a day.
1009,How bitter a thing it is to look into happiness through another man's eyes!
1010,"All the world 's a stage, and all the men and women merely players. They have their exits and their entrances; And one man in his time plays many parts."
1011,"The lady doth protest too much, methinks."
1012,"So wise so young, they say, do never live long."
1013,Brevity is the soul of wit.
1014,I like this place and willingly could waste my time in it.
1015,"All the world 's a stage, and all the men and women merely players. They have their exits and their entrances; And one man in his time plays many parts."
1016,Tempt not a desperate man.
1017,It seems she hangs upon the cheek of night like a rich jewel in an Ethiope's ear.
1018,The king's name is a tower of strength.
1019,"A little more than kin, and less than kind."
1020,"Though this be madness, yet there is method in 't."
1021,"See, how she leans her cheek upon her hand! O that I were a glove upon that hand, that I might touch that cheek!."
1022,Do you think I am easier to be played on than a pipe?
1023,"The world is grown so bad, that wrens make prey where eagles dare not perch."
1024,"When sorrows come, they come not single spies, but in battalions."
1025,This above all: to thine own self be true.
1026,For you and I are past our dancing days.
1027,For ever and a day.
1028,O! she doth teach the torches to burn bright.
1029,Tempt not a desperate man.
1030,"It is the east, and Juliet is the sun."
1031,"An honest tale speeds best, being plainly told."
1032,O! she doth teach the torches to burn bright.
1033,Brevity is the soul of wit.
1034,Not stepping o'er the bounds of modesty.
1035,"The fool doth think he is wise, but the wise man knows himself to be a fool."
1036,"The lady doth protest too much, methinks."
1037,"Neither a borrower nor a lender be; For loan oft loses both itself and friend, and borrowing dulls the edge of husbandry."
1038,O! she doth teach the torches to burn bright.
1039,True is it that we have seen better days.
1040,"O Romeo, Romeo! wherefore art thou Romeo?."
1041,What's in a name? That which we call a rose by any other name would smell as sweet.
1042,"And it must follow, as the night the day, thou canst not then be false to any man."
1043,What's in a name? That which we call a rose by any other name would smell as sweet.
1044,"Conscience is but a word that cowards use, devised at first to keep the strong in awe."
1045,"And it must follow, as the night the day, thou canst not then be false to any man."
1046,It seems she hangs upon the cheek of night like a rich jewel in an Ethiope's ear.
1047,"An honest tale speeds best, being plainly told."
1048,"Conscience is but a word that cowards use, devised at first to keep the strong in awe."
1049,"Conscience is but a word that cowards use, devised at first to keep the strong in awe."
1050,"Good Night, Good night! Parting is such sweet sorrow, that I shall say good night till it be morrow."
1051,"And it must follow, as the night the day, thou canst not then be false to any man."
1052,Tempt not a desperate man.
1053,Off with his head!
1054,A horse! a horse! my kingdom for a horse!.
1055,Now is the winter of our discontent.
1056,"To be, or not to be: that is the question."
1057,"When sorrows come, they come not single spies, but in battalions."
1058,In my mind's eye.
1059,In my mind's eye.
1060,"A little more than kin, and less than kind."
1061,Now is the winter of our discontent.
1062,Rich gifts wax poor when givers prove unkind.
1063,Rich gifts wax poor when givers prove unkind.
1064,"The fool doth think he is wise, but the wise man knows himself to be a fool."
1065,It seems she hangs upon the cheek of night like a rich jewel in an Ethiope's ear.
1066,For you and I are past our dancing days.
1067,"The lady doth protest too much, methinks."
1068,For you and I are past our dancing days.
1069,True is it that we have seen better days.
1070,"So wise so young, they say, do never live long."
1071,Tempt not a desperate man.
1072,"Good Night, Good night! Parting is such sweet sorrow, that I shall say good night till it be morrow."
1073,"The fool doth think he is wise, but the wise man knows himself to be a fool."
1074,Can one desire too much of a good thing?.
1075,"It is the east, and Juliet is the sun."
1076,For ever and a day.
1077,How bitter a thing it is to look into happiness through another man's eyes!
1078,How bitter a thing it is to look into happiness through another man's eyes!
1079,"Conscience is but a word that cowards use, devised at first to keep the strong in awe."
1080,"The world is grown so bad, that wrens make prey where eagles dare not perch."
1081,Off with his head!
1082,This above all: to thine own self be true.
1083,For you and I are past our dancing days.
1084,True is it that we have seen better days.
1085,Wisely and slow; they stumble that run fast.
1086,"O Romeo, Romeo! wherefore art thou Romeo?."
1087,A horse! a horse! my kingdom for a horse!.
1088,"All the world 's a stage, and all the men and women merely players. They have their exits and their entrances; And one man in his time plays many parts."
1089,Wisely and slow; they stumble that run fast.
1090,"The world is grown so bad, that wrens make prey where eagles dare not perch."
1091,How bitter a thing it is to look into happiness through another man's eyes!
1092,The king's name is a tower of strength.
1093,"It is the east, and Juliet is the sun."
1094,"See, how she leans her cheek upon her hand! O that I were a glove upon that hand, that I might touch that cheek!."
1095,Off with his head!
1096,"O Romeo, Romeo! wherefore art thou Romeo?."
1097,"Conscience is but a word that cowards use, devised at first to keep the strong in awe."
1098,True is it that we have seen better days.
1099,"Good Night, Good night! Parting is such sweet sorrow, that I shall say good night till it be morrow."
1100,"The fool doth think he is wise, but the wise man knows himself to be a fool."
1101,O! she doth teach the torches to burn bright.
1102,Now is the winter of our discontent.
1103,"An honest tale speeds best, being plainly told."
1104,"The world is grown so bad, that wrens make prey where eagles dare not perch."
1105,Now is the winter of our discontent.
1106,Brevity is the soul of wit.
1107,"Blow, blow, thou winter wind! Thou art not so unkind as man's ingratitude."
1108,The king's name is a tower of strength.
1109,I like this place and willingly could waste my time in it.
1110,"Neither a borrower nor a lender be; For loan oft loses both itself and friend, and borrowing dulls the edge of husbandry."
1111,"Blow, blow, thou winter wind! Thou art not so unkind as man's ingratitude."
1112,The play 's the thing wherein I'll catch the conscience of the king.
1113,Now is the winter of our discontent.
1114,A horse! a horse! my kingdom for a horse!.
1115,"Good Night, Good night! Parting is such sweet sorrow, that I shall say good night till it be morrow."
1116,Not stepping o'er the bounds of modesty.
1117,Tempt not a desperate man.
1118,"The fool doth think he is wise, but the wise man knows himself to be a fool."
1119,The king's name is a tower of strength.
1120,The king's name is a tower of strength.
1121,What's in a name? That which we call a rose by any other name would smell as sweet.
1122,Tempt not a desperate man.
1123,"See, how she leans her cheek upon her hand! O that I were a glove upon that hand, that I might touch that cheek!."
1124,"Good Night, Good night! Parting is such sweet sorrow, that I shall say good night till it be morrow."
1125,"Though this be madness, yet there is method in 't."
1126,"The world is grown so bad, that wrens make prey where eagles dare not perch."
1127,For ever and a day.
1128,"O Romeo, Romeo! wherefore art thou Romeo?."
1129,I like this place and willingly could waste my time in it.
1130,Wisely and slow; they stumble that run fast.
1131,Brevity is the soul of wit.
1132,"Though this be madness, yet there is method in 't."
1133,"And it must follow, as the night the day, thou canst not then be false to any man."
1134,For you and I are past our dancing days.
1135,How bitter a thing it is to look into happiness through another man's eyes!
1136,"Conscience is but a word that cowards use, devised at first to keep the strong in awe."
1137,Wisely and slow; they stumble that run fast.
1138,Rich gifts wax poor when givers prove unkind.
1139,Do you think I am easier to be played on than a pipe?
1140,"The fool doth think he is wise, but the wise man knows himself to be a fool."
1141,"O Romeo, Romeo! wherefore art thou Romeo?."
1142,Rich gifts wax poor when givers prove unkind.
1143,"The world is grown so bad, that wrens make prey where eagles dare not perch."
1144,For you and I are past our dancing days.
1145,O! she doth teach the torches to burn bright.
1146,True is it that we have seen better days.
1147,I like this place and willingly could waste my time in it.
1148,Brevity is the soul of wit.
1149,"I will speak daggers to her, but use none."
1150,Not stepping o'er the bounds of modesty.
1151,"Blow, blow, thou winter wind! Thou art not so unkind as man's ingratitude."
1152,Do you think I am easier to be played on than a pipe?
1153,Can one desire too much of a good thing?.
1154,I like this place and willingly could waste my time in it.
1155,For ever and a day.
1156,"An honest tale speeds best, being plainly told."
1157,Can one desire too much of a good thing?.
1158,Tempt not a desperate man.
1159,"The fool doth think he is wise, but the wise man knows himself to be a fool."
1160,"There is nothing either good or bad, but thinking makes it so."
1161,Can one desire too much of a good thing?.
1162,For you and I are past our dancing days.
1163,The king's name is a tower of strength.
1164,Do you think I am easier to be played on than a pipe?
1165,"Conscience is but a word that cowards use, devised at first to keep the strong in awe."
1166,This above all: to thine own self be true.
1167,Rich gifts wax poor when givers prove unkind.
1168,It seems she hangs upon the cheek of night like a rich jewel in an Ethiope's ear.
1169,"Good Night, Good night! Parting is such sweet sorrow, that I shall say good night till it be morrow."
1170,"Blow, blow, thou winter wind! Thou art not so unkind as man's ingratitude."
1171,Rich gifts wax poor when givers prove unkind.
1172,"The fool doth think he is wise, but the wise man knows himself to be a fool."
1173,Now is the winter of our discontent.
1174,Not stepping o'er the bounds of modesty.
1175,Wisely and slow; they stumble that run fast.
1176,How bitter a thing it is to look into happiness through another man's eyes!
1177,"What a piece of work is man! how noble in reason! how infinite in faculty! in form and moving how express and admirable! in action how like an angel! in apprehension how like a god! the beauty of the world, the paragon of animals! ."
1178,This above all: to thine own self be true.
1179,Now is the winter of our discontent.
1180,For ever and a day.
1181,A horse! a horse! my kingdom for a horse!.
1182,"It is the east, and Juliet is the sun."
1183,O! she doth teach the torches to burn bright.
1184,"Though this be madness, yet there is method in 't."
1185,Tempt not a desperate man.
1186,How bitter a thing it is to look into happiness through another man's eyes!
1187,"See, how she leans her cheek upon her hand! O that I were a glove upon that hand, that I might touch that cheek!."
1188,I like this place and willingly could waste my time in it.
1189,For ever and a day.
1190,"And it must follow, as the night the day, thou canst not then be false to any man."
1191,The king's name is a tower of strength.
1192,"The lady doth protest too much, methinks."
1193,"An honest tale speeds best, being plainly told."
1194,"And it must follow, as the night the day, thou canst not then be false to any man."
1195,"Doubt that the sun doth move, doubt truth to be a liar, but never doubt I love."
1196,"Blow, blow, thou winter wind! Thou art not so unkind as man's ingratitude."
1197,The play 's the thing wherein I'll catch the conscience of the king.
1198,For ever and a day.
1199,"O Romeo, Romeo! wherefore art thou Romeo?."
1200,"Conscience is but a word that cowards use, devised at first to keep the strong in awe."
1201,"See, how she leans her cheek upon her hand! O that I were a glove upon that hand, that I might touch that cheek!."
1202,A horse! a horse! my kingdom for a horse!.
1203,"Blow, blow, thou winter wind! Thou art not so unkind as man's ingratitude."
1204,A horse! a horse! my kingdom for a horse!.
1205,"The lady doth protest too much, methinks."
1206,"The fool doth think he is wise, but the wise man knows himself to be a fool."
1207,Off with his head!
1208,"So wise so young, they say, do never live long."
1209,I like this place and willingly could waste my time in it.
1210,Can one desire too much of a good thing?.
1211,"O Romeo, Romeo! wherefore art thou Romeo?."
1212,"An honest tale speeds best, being plainly told."
1213,"I will speak daggers to her, but use none."
1214,A horse! a horse! my kingdom for a horse!.
1215,Off with his head!
1216,"The lady doth protest too much, methinks."
1217,"Conscience is but a word that cowards use, devised at first to keep the strong in awe."
1218,Can one desire too much of a good thing?.
1219,That it should come to this!.
1220,The king's name is a tower of strength.
1221,In my mind's eye.
1222,"Though this be madness, yet there is method in 't."
1223,"Blow, blow, thou winter wind! Thou art not so unkind as man's ingratitude."
1224,Rich gifts wax poor when givers prove unkind.
1225,"It is the east, and Juliet is the sun."
1226,Do you think I am easier to be played on than a pipe?
1227,True is it that we have seen better days.
1228,"Good Night, Good night! Parting is such sweet sorrow, that I shall say good night till it be morrow."
1229,"Though this be madness, yet there is method in 't."
1230,"To be, or not to be: that is the question."
1231,This above all: to thine own self be true.
1232,"To be, or not to be: that is the question."
1233,How bitter a thing it is to look into happiness through another man's eyes!
1234,A horse! a horse! my kingdom for a horse!.
1235,Off with his head!
1236,It seems she hangs upon the cheek of night like a rich jewel in an Ethiope's ear.
1237,"What a piece of work is man! how noble in reason! how infinite in faculty! in form and moving how express and admirable! in action how like an angel! in apprehension how like a god! the beauty of the world, the paragon of animals! ."
1238,"An honest tale speeds best, being plainly told."
1239,"Conscience is but a word that cowards use, devised at first to keep the strong in awe."
1240,"All the world 's a stage, and all the men and women merely players. They have their exits and their entrances; And one man in his time plays many parts."
1241,I like this place and willingly could waste my time in it.
1242,Now is the winter of our discontent.
1243,"It is the east, and Juliet is the sun."
1244,"Blow, blow, thou winter wind! Thou art not so unkind as man's ingratitude."
1245,A horse! a horse! my kingdom for a horse!.
1246,Now is the winter of our discontent.
1247,"It is the east, and Juliet is the sun."
1248,Not stepping o'er the bounds of modesty.
1249,How bitter a thing it is to look into happiness through another man's eyes!
1250,For you and I are past our dancing days.
1251,"Neither a borrower nor a lender be; For loan oft loses both itself and friend, and borrowing dulls the edge of husbandry."
1252,"Neither a borrower nor a lender be; For loan oft loses both itself and friend, and borrowing dulls the edge of husbandry."
1253,The play 's the thing wherein I'll catch the conscience of the king.
1254,"And it must follow, as the night the day, thou canst not then be false to any man."
1255,"It is the east, and Juliet is the sun."
1256,Rich gifts wax poor when givers prove unkind.
1257,How bitter a thing it is to look into happiness through another man's eyes!
1258,What's in a name? That which we call a rose by any other name would smell as sweet.
1259,True is it that we have seen better days.
1260,Do you think I am easier to be played on than a pipe?
1261,"And it must follow, as the night the day, thou canst not then be false to any man."
1262,It seems she hangs upon the cheek of night like a rich jewel in an Ethiope's ear.
1263,"A little more than kin, and less than kind."
1264,What's in a name? That which we call a rose by any other name would smell as sweet.
1265,"The world is grown so bad, that wrens make prey where eagles dare not perch."
1266,The play 's the thing wherein I'll catch the conscience of the king.
1267,The king's name is a tower of strength.
1268,"Conscience is but a word that cowards use, devised at first to keep the strong in awe."
1269,"Conscience is but a word that cowards use, devised at first to keep the strong in awe."
1270,"What a piece of work is man! how noble in reason! how infinite in faculty! in form and moving how express and admirable! in action how like an angel! in apprehension how like a god! the beauty of the world, the paragon of animals! ."
1271,"Good Night, Good night! Parting is such sweet sorrow, that I shall say good night till it be morrow."
1272,"The world is grown so bad, that wrens make prey where eagles dare not perch."
1273,"All the world 's a stage, and all the men and women merely players. They have their exits and their entrances; And one man in his time plays many parts."
1274,Brevity is the soul of wit.
1275,"An honest tale speeds best, being plainly told."
1276,"Good Night, Good night! Parting is such sweet sorrow, that I shall say good night till it be morrow."
1277,Now is the winter of our discontent.
1278,For ever and a day.
1279,"It is the east, and Juliet is the sun."
1280,"So wise so young, they say, do never live long."
1281,O! she doth teach the torches to burn bright.
1282,"Blow, blow, thou winter wind! Thou art not so unkind as man's ingratitude."
1283,"What a piece of work is man! how noble in reason! how infinite in faculty! in form and moving how express and admirable! in action how like an angel! in apprehension how like a god! the beauty of the world, the paragon of animals! ."
1284,This above all: to thine own self be true.
1285,Do you think I am easier to be played on than a pipe?
1286,"The lady doth protest too much, methinks."
1287,"The fool doth think he is wise, but the wise man knows himself to be a fool."
1288,Can one desire too much of a good thing?.
1289,"Conscience is but a word that cowards use, devised at first to keep the strong in awe."
1290,The king's name is a tower of strength.
1291,"All the world 's a stage, and all the men and women merely players. They have their exits and their entrances; And one man in his time plays many parts."
1292,Tempt not a desperate man.
1293,Can one desire too much of a good thing?.
1294,"See, how she leans her cheek upon her hand! O that I were a glove upon that hand, that I might touch that cheek!."
1295,The king's name is a tower of strength.
1296,"So wise so young, they say, do never live long."
1297,"The fool doth think he is wise, but the wise man knows himself to be a fool."
1298,Now is the winter of our discontent.
1299,"Doubt that the sun doth move, doubt truth to be a liar, but never doubt I love."
1300,"Though this be madness, yet there is method in 't."
1301,True is it that we have seen better days.
1302,I like this place and willingly could waste my time in it.
1303,How bitter a thing it is to look into happiness through another man's eyes!
1304,"O Romeo, Romeo! wherefore art thou Romeo?."
1305,"There is nothing either good or bad, but thinking makes it so."
1306,In my mind's eye.
1307,"The fool doth think he is wise, but the wise man knows himself to be a fool."
1308,"It is the east, and Juliet is the sun."
1309,How bitter a thing it is to look into happiness through another man's eyes!
1310,"Neither a borrower nor a lender be; For loan oft loses both itself and friend, and borrowing dulls the edge of husbandry."
1311,"A little more than kin, and less than kind."
1312,"An honest tale speeds best, being plainly told."
1313,The king's name is a tower of strength.
1314,How bitter a thing it is to look into happiness through another man's eyes!
1315,"All the world 's a stage, and all the men and women merely players. They have their exits and their entrances; And one man in his time plays many parts."
1316,For ever and a day.
1317,For ever and a day.
1318,Wisely and slow; they stumble that run fast.
1319,It seems she hangs upon the cheek of night like a rich jewel in an Ethiope's ear.
1320,"Neither a borrower nor a lender be; For loan oft loses both itself and friend, and borrowing dulls the edge of husbandry."
1321,"See, how she leans her cheek upon her hand! O that I were a glove upon that hand, that I might touch that cheek!."
1322,What's in a name? That which we call a rose by any other name would smell as sweet.
1323,"O Romeo, Romeo! wherefore art thou Romeo?."
1324,"Blow, blow, thou winter wind! Thou art not so unkind as man's ingratitude."
1325,Can one desire too much of a good thing?.
1326,Rich gifts wax poor when givers prove unkind.
1327,"To be, or not to be: that is the question."
1328,O! she doth teach the torches to burn bright.
1329,"What a piece of work is man! how noble in reason! how infinite in faculty! in form and moving how express and admirable! in action how like an angel! in apprehension how like a god! the beauty of the world, the paragon of animals! ."
1330,"See, how she leans her cheek upon her hand! O that I were a glove upon that hand, that I might touch that cheek!."
1331,"Neither a borrower nor a lender be; For loan oft loses both itself and friend, and borrowing dulls the edge of husbandry."
1332,A horse! a horse! my kingdom for a horse!.
1333,"Though this be madness, yet there is method in 't."
1334,"There is nothing either good or bad, but thinking makes it so."
1335,How bitter a thing it is to look into happiness through another man's eyes!
1336,Brevity is the soul of wit.
1337,"The world is grown so bad, that wrens make prey where eagles dare not perch."
1338,In my mind's eye.
1339,A horse! a horse! my kingdom for a horse!.
1340,"Blow, blow, thou winter wind! Thou art not so unkind as man's ingratitude."
1341,For ever and a day.
1342,"Blow, blow, thou winter wind! Thou art not so unkind as man's ingratitude."
1343,"And it must follow, as the night the day, thou canst not then be false to any man."
1344,Do you think I am easier to be played on than a pipe?
1345,"What a piece of work is man! how noble in reason! how infinite in faculty! in form and moving how express and admirable! in action how like an angel! in apprehension how like a god! the beauty of the world, the paragon of animals! ."
1346,"The lady doth protest too much, methinks."
1347,"When sorrows come, they come not single spies, but in battalions."
1348,For you and I are past our dancing days.
1349,"Blow, blow, thou winter wind! Thou art not so unkind as man's ingratitude."
1350,What's in a name? That which we call a rose by any other name would smell as sweet.
1351,"The fool doth think he is wise, but the wise man knows himself to be a fool."
1352,Tempt not a desperate man.
1353,"The lady doth protest too much, methinks."
1354,"An honest tale speeds best, being plainly told."
1355,What's in a name? That which we call a rose by any other name would smell as sweet.
1356,"Neither a borrower nor a lender be; For loan oft loses both itself and friend, and borrowing dulls the edge of husbandry."
1357,Can one desire too much of a good thing?.
1358,"See, how she leans her cheek upon her hand! O that I were a glove upon that hand, that I might touch that cheek!."
1359,That it should come to this!.
1360,"See, how she leans her cheek upon her hand! O that I were a glove upon that hand, that I might touch that cheek!."
1361,"O Romeo, Romeo! wherefore art thou Romeo?."
1362,It seems she hangs upon the cheek of night like a rich jewel in an Ethiope's ear.
1363,Tempt not a desperate man.
1364,"All the world 's a stage, and all the men and women merely players. They have their exits and their entrances; And one man in his time plays many parts."
1365,O! she doth teach the torches to burn bright.
1366,Brevity is the soul of wit.
1367,"The fool doth think he is wise, but the wise man knows himself to be a fool."
1368,"What a piece of work is man! how noble in reason! how infinite in faculty! in form and moving how express and admirable! in action how like an angel! in apprehension how like a god! the beauty of the world, the paragon of animals! ."
1369,"The world is grown so bad, that wrens make prey where eagles dare not perch."
1370,The king's name is a tower of strength.
1371,Off with his head!
1372,Tempt not a desperate man.
1373,"When sorrows come, they come not single spies, but in battalions."
1374,For you and I are past our dancing days.
1375,Off with his head!
1376,The play 's the thing wherein I'll catch the conscience of the king.
1377,"An honest tale speeds best, being plainly told."
1378,"To be, or not to be: that is the question."
1379,True is it that we have seen better days.
1380,"Good Night, Good night! Parting is such sweet sorrow, that I shall say good night till it be morrow."
1381,Now is the winter of our discontent.
1382,"The fool doth think he is wise, but the wise man knows himself to be a fool."
1383,Wisely and slow; they stumble that run fast.
1384,The king's name is a tower of strength.
1385,Off with his head!
1386,"And it must follow, as the night the day, thou canst not then be false to any man."
1387,"All the world 's a stage, and all the men and women merely players. They have their exits and their entrances; And one man in his time plays many parts."
1388,Can one desire too much of a good thing?.
1389,For you and I are past our dancing days.
1390,I like this place and willingly could waste my time in it.
1391,"So wise so young, they say, do never live long."
1392,"An honest tale speeds best, being plainly told."
1393,"So wise so young, they say, do never live long."
1394,For you and I are past our dancing days.
1395,"See, how she leans her cheek upon her hand! O that I were a glove upon that hand, that I might touch that cheek!."
1396,Can one desire too much of a good thing?.
1397,A horse! a horse! my kingdom for a horse!.
1398,"So wise so young, they say, do never live long."
1399,True is it that we have seen better days.
1400,In my mind's eye.
1401,For you and I are past our dancing days.
1402,For ever and a day.
1403,"I will speak daggers to her, but use none."
1404,"Doubt that the sun doth move, doubt truth to be a liar, but never doubt I love."
1405,The play 's the thing wherein I'll catch the conscience of the king.
1406,"What a piece of work is man! how noble in reason! how infinite in faculty! in form and moving how express and admirable! in action how like an angel! in apprehension how like a god! the beauty of the world, the paragon of animals! ."
1407,Rich gifts wax poor when givers prove unkind.
1408,"When sorrows come, they come not single spies, but in battalions."
1409,Now is the winter of our discontent.
1410,"I will speak daggers to her, but use none."
1411,"O Romeo, Romeo! wherefore art thou Romeo?."
1412,Rich gifts wax poor when givers prove unkind.
1413,"A little more than kin, and less than kind."
1414,What's in a name? That which we call a rose by any other name would smell as sweet.
1415,"See, how she leans her cheek upon her hand! O that I were a glove upon that hand, that I might touch that cheek!."
1416,"O Romeo, Romeo! wherefore art thou Romeo?."
1417,A horse! a horse! my kingdom for a horse!.
1418,A horse! a horse! my kingdom for a horse!.
1419,"Blow, blow, thou winter wind! Thou art not so unkind as man's ingratitude."
1420,"So wise so young, they say, do never live long."
1421,What's in a name? That which we call a rose by any other name would smell as sweet.
1422,A horse! a horse! my kingdom for a horse!.
1423,For ever and a day.
1424,Brevity is the soul of wit.
1425,How bitter a thing it is to look into happiness through another man's eyes!
1426,"All the world 's a stage, and all the men and women merely players. They have their exits and their entrances; And one man in his time plays many parts."
1427,Now is the winter of our discontent.
1428,"The world is grown so bad, that wrens make prey where eagles dare not perch."
1429,What's in a name? That which we call a rose by any other name would smell as sweet.
1430,"Neither a borrower nor a lender be; For loan oft loses both itself and friend, and borrowing dulls the edge of husbandry."
1431,Can one desire too much of a good thing?.
1432,"Blow, blow, thou winter wind! Thou art not so unkind as man's ingratitude."
1433,"Conscience is but a word that cowards use, devised at first to keep the strong in awe."
1434,Tempt not a desperate man.
1435,"Good Night, Good night! Parting is such sweet sorrow, that I shall say good night till it be morrow."
1436,"When sorrows come, they come not single spies, but in battalions."
1437,Rich gifts wax poor when givers prove unkind.
1438,"Neither a borrower nor a lender be; For loan oft loses both itself and friend, and borrowing dulls the edge of husbandry."
1439,"There is nothing either good or bad, but thinking makes it so."
1440,A horse! a horse! my kingdom for a horse!.
1441,"Though this be madness, yet there is method in 't."
1442,I like this place and willingly could waste my time in it.
1443,O! she doth teach the torches to burn bright.
1444,"Blow, blow, thou winter wind! Thou art not so unkind as man's ingratitude."
1445,Now is the winter of our discontent.
1446,"The fool doth think he is wise, but the wise man knows himself to be a fool."
1447,"The world is grown so bad, that wrens make prey where eagles dare not perch."
1448,"Good Night, Good night! Parting is such sweet sorrow, that I shall say good night till it be morrow."
1449,"There is nothing either good or bad, but thinking makes it so."
1450,"Conscience is but a word that cowards use, devised at first to keep the strong in awe."
1451,Now is the winter of our discontent.
1452,Can one desire too much of a good thing?.
1453,Not stepping o'er the bounds of modesty.
1454,True is it that we have seen better days.
1455,The king's name is a tower of strength.
1456,For ever and a day.
1457,"The fool doth think he is wise, but the wise man knows himself to be a fool."
1458,"See, how she leans her cheek upon her hand! O that I were a glove upon that hand, that I might touch that cheek!."
1459,A horse! a horse! my kingdom for a horse!.
1460,"The world is grown so bad, that wrens make prey where eagles dare not perch."
1461,"Good Night, Good night! Parting is such sweet sorrow, that I shall say good night till it be morrow."
1462,"So wise so young, they say, do never live long."
1463,"O Romeo, Romeo! wherefore art thou Romeo?."
1464,For you and I are past our dancing days.
1465,That it should come to this!.
1466,Off with his head!
1467,Wisely and slow; they stumble that run fast.
1468,What's in a name? That which we call a rose by any other name would smell as sweet.
1469,"It is the east, and Juliet is the sun."
1470,"Good Night, Good night! Parting is such sweet sorrow, that I shall say good night till it be morrow."
1471,O! she doth teach the torches to burn bright.
1472,"An honest tale speeds best, being plainly told."
1473,Can one desire too much of a good thing?.
1474,The king's name is a tower of strength.
1475,"When sorrows come, they come not single spies, but in battalions."
1476,"The fool doth think he is wise, but the wise man knows himself to be a fool."
1477,"The fool doth think he is wise, but the wise man knows himself to be a fool."
1478,"To be, or not to be: that is the question."
1479,Off with his head!
1480,For ever and a day.
1481,In my mind's eye.
1482,Not stepping o'er the bounds of modesty.
1483,For ever and a day.
1484,In my mind's eye.
1485,"What a piece of work is man! how noble in reason! how infinite in faculty! in form and moving how express and admirable! in action how like an angel! in apprehension how like a god! the beauty of the world, the paragon of animals! ."
1486,It seems she hangs upon the cheek of night like a rich jewel in an Ethiope's ear.
1487,A horse! a horse! my kingdom for a horse!.
1488,"I will speak daggers to her, but use none."
1489,"So wise so young, they say, do never live long."
1490,Rich gifts wax poor when givers prove unkind.
1491,In my mind's eye.
1492,A horse! a horse! my kingdom for a horse!.
1493,"Conscience is but a word that cowards use, devised at first to keep the strong in awe."
1494,I like this place and willingly could waste my time in it.
1495,"O Romeo, Romeo! wherefore art thou Romeo?."
1496,Off with his head!
1497,Wisely and slow; they stumble that run fast.
1498,How bitter a thing it is to look into happiness through another man's eyes!
1499,"The world is grown so bad, that wrens make prey where eagles dare not perch."
1500,This above all: to thine own self be true.
1501,Now is the winter of our discontent.
1502,"The fool doth think he is wise, but the wise man knows himself to be a fool."
1503,Wisely and slow; they stumble that run fast.
1504,"An honest tale speeds best, being plainly told."
1505,Wisely and slow; they stumble that run fast.
1506,"Good Night, Good night! Parting is such sweet sorrow, that I shall say good night till it be morrow."
1507,This above all: to thine own self be true.
1508,The king's name is a tower of strength.
1509,"The world is grown so bad, that wrens make prey where eagles dare not perch."
1510,O! she doth teach the torches to burn bright.
1511,Can one desire too much of a good thing?.
1512,"And it must follow, as the night the day, thou canst not then be false to any man."
1513,Off with his head!
1514,"The world is grown so bad, that wrens make prey where eagles dare not perch."
1515,The king's name is a tower of strength.
1516,"Though this be madness, yet there is method in 't."
1517,True is it that we have seen better days.
1518,A horse! a horse! my kingdom for a horse!.
1519,Now is the winter of our discontent.
1520,Brevity is the soul of wit.
1521,"The world is grown so bad, that wrens make prey where eagles dare not perch."
1522,This above all: to thine own self be true.
1523,"Blow, blow, thou winter wind! Thou art not so unkind as man's ingratitude."
1524,"Conscience is but a word that cowards use, devised at first to keep the strong in awe."
1525,It seems she hangs upon the cheek of night like a rich jewel in an Ethiope's ear.
1526,Now is the winter of our discontent.
1527,For you and I are past our dancing days.
1528,For ever and a day.
1529,"O Romeo, Romeo! wherefore art thou Romeo?."
1530,"Neither a borrower nor a lender be; For loan oft loses both itself and friend, and borrowing dulls the edge of husbandry."
1531,"An honest tale speeds best, being plainly told."
1532,Do you think I am easier to be played on than a pipe?
1533,"The fool doth think he is wise, but the wise man knows himself to be a fool."
1534,"All the world 's a stage, and all the men and women merely players. They have their exits and their entrances; And one man in his time plays many parts."
1535,"So wise so young, they say, do never live long."
1536,"The world is grown so bad, that wrens make prey where eagles dare not perch."
1537,The king's name is a tower of strength.
1538,"So wise so young, they say, do never live long."
1539,"An honest tale speeds best, being plainly told."
1540,"An honest tale speeds best, being plainly told."
1541,"See, how she leans her cheek upon her hand! O that I were a glove upon that hand, that I might touch that cheek!."
1542,The play 's the thing wherein I'll catch the conscience of the king.
1543,For you and I are past our dancing days.
1544,Now is the winter of our discontent.
1545,True is it that we have seen better days.
1546,A horse! a horse! my kingdom for a horse!.
1547,"It is the east, and Juliet is the sun."
1548,Not stepping o'er the bounds of modesty.
1549,"Good Night, Good night! Parting is such sweet sorrow, that I shall say good night till it be morrow."
1550,"See, how she leans her cheek upon her hand! O that I were a glove upon that hand, that I might touch that cheek!."
1551,Not stepping o'er the bounds of modesty.
1552,True is it that we have seen better days.
1553,"So wise so young, they say, do never live long."
1554,O! she doth teach the torches to burn bright.
1555,"All the world 's a stage, and all the men and women merely players. They have their exits and their entrances; And one man in his time plays many parts."
1556,Wisely and slow; they stumble that run fast.
1557,"Good Night, Good night! Parting is such sweet sorrow, that I shall say good night till it be morrow."
1558,For ever and a day.
1559,True is it that we have seen better days.
1560,It seems she hangs upon the cheek of night like a rich jewel in an Ethiope's ear.
1561,O! she doth teach the torches to burn bright.
1562,"And it must follow, as the night the day, thou canst not then be false to any man."
1563,Do you think I am easier to be played on than a pipe?
1564,For you and I are past our dancing days.
1565,It seems she hangs upon the cheek of night like a rich jewel in an Ethiope's ear.
1566,For you and I are past our dancing days.
1567,"And it must follow, as the night the day, thou canst not then be false to any man."
1568,How bitter a thing it is to look into happiness through another man's eyes!
1569,That it should come to this!.
1570,"Blow, blow, thou winter wind! Thou art not so unkind as man's ingratitude."
1571,"Blow, blow, thou winter wind! Thou art not so unkind as man's ingratitude."
1572,"It is the east, and Juliet is the sun."
1573,True is it that we have seen better days.
1574,"Blow, blow, thou winter wind! Thou art not so unkind as man's ingratitude."
1575,"O Romeo, Romeo! wherefore art thou Romeo?."
1576,I like this place and willingly could waste my time in it.
1577,True is it that we have seen better days.
1578,This above all: to thine own self be true.
1579,"See, how she leans her cheek upon her hand! O that I were a glove upon that hand, that I might touch that cheek!."
1580,How bitter a thing it is to look into happiness through another man's eyes!
1581,"And it must follow, as the night the day, thou canst not then be false to any man."
1582,True is it that we have seen better days.
1583,Rich gifts wax poor when givers prove unkind.
1584,"A little more than kin, and less than kind."
1585,Do you think I am easier to be played on than a pipe?
1586,How bitter a thing it is to look into happiness through another man's eyes!
1587,"Good Night, Good night! Parting is such sweet sorrow, that I shall say good night till it be morrow."
1588,This above all: to thine own self be true.
1589,For you and I are past our dancing days.
1590,"There is nothing either good or bad, but thinking makes it so."
1591,"The world is grown so bad, that wrens make prey where eagles dare not perch."
1592,"To be, or not to be: that is the question."
1593,"And it must follow, as the night the day, thou canst not then be false to any man."
1594,Wisely and slow; they stumble that run fast.
1595,"The lady doth protest too much, methinks."
1596,It seems she hangs upon the cheek of night like a rich jewel in an Ethiope's ear.
1597,"Conscience is but a word that cowards use, devised at first to keep the strong in awe."
1598,I like this place and willingly could waste my time in it.
1599,In my mind's eye.
1600,"The world is grown so bad, that wrens make prey where eagles dare not perch."
1601,A horse! a horse! my kingdom for a horse!.
1602,"Blow, blow, thou winter wind! Thou art not so unkind as man's ingratitude."
1603,"Conscience is but a word that cowards use, devised at first to keep the strong in awe."
1604,"Doubt that the sun doth move, doubt truth to be a liar, but never doubt I love."
1605,Now is the winter of our discontent.
1606,"What a piece of work is man! how noble in reason! how infinite in faculty! in form and moving how express and admirable! in action how like an angel! in apprehension how like a god! the beauty of the world, the paragon of animals! ."
1607,"Doubt that the sun doth move, doubt truth to be a liar, but never doubt I love."
1608,What's in a name? That which we call a rose by any other name would smell as sweet.
1609,"An honest tale speeds best, being plainly told."
1610,"The world is grown so bad, that wrens make prey where eagles dare not perch."
1611,"Blow, blow, thou winter wind! Thou art not so unkind as man's ingratitude."
1612,Do you think I am easier to be played on than a pipe?
1613,What's in a name? That which we call a rose by any other name would smell as sweet.
1614,"When sorrows come, they come not single spies, but in battalions."
1615,A horse! a horse! my kingdom for a horse!.
1616,"It is the east, and Juliet is the sun."
1617,"A little more than kin, and less than kind."
1618,"What a piece of work is man! how noble in reason! how infinite in faculty! in form and moving how express and admirable! in action how like an angel! in apprehension how like a god! the beauty of the world, the paragon of animals! ."
1619,"O Romeo, Romeo! wherefore art thou Romeo?."
1620,How bitter a thing it is to look into happiness through another man's eyes!
1621,"See, how she leans her cheek upon her hand! O that I were a glove upon that hand, that I might touch that cheek!."
1622,The play 's the thing wherein I'll catch the conscience of the king.
1623,Tempt not a desperate man.
1624,O! she doth teach the torches to burn bright.
1625,Can one desire too much of a good thing?.
1626,A horse! a horse! my kingdom for a horse!.
1627,"Blow, blow, thou winter wind! Thou art not so unkind as man's ingratitude."
1628,True is it that we have seen better days.
1629,"It is the east, and Juliet is the sun."
1630,"Conscience is but a word that cowards use, devised at first to keep the strong in awe."
1631,This above all: to thine own self be true.
1632,"And it must follow, as the night the day, thou canst not then be false to any man."
1633,That it should come to this!.
1634,I like this place and willingly could waste my time in it.
1635,How bitter a thing it is to look into happiness through another man's eyes!
1636,In my mind's eye.
1637,True is it that we have seen better days.
1638,"See, how she leans her cheek upon her hand! O that I were a glove upon that hand, that I might touch that cheek!."
1639,"O Romeo, Romeo! wherefore art thou Romeo?."
1640,"O Romeo, Romeo! wherefore art thou Romeo?."
1641,"An honest tale speeds best, being plainly told."
1642,"All the world 's a stage, and all the men and women merely players. They have their exits and their entrances; And one man in his time plays many parts."
1643,"An honest tale speeds best, being plainly told."
1644,"See, how she leans her cheek upon her hand! O that I were a glove upon that hand, that I might touch that cheek!."
1645,For you and I are past our dancing days.
1646,"There is nothing either good or bad, but thinking makes it so."
1647,That it should come to this!.
1648,Tempt not a desperate man.
1649,"Neither a borrower nor a lender be; For loan oft loses both itself and friend, and borrowing dulls the edge of husbandry."
1650,The king's name is a tower of strength.
