node_id,name
1,Elena Volkman
2,Lilly Hilpert
3,Carmela Crooks
4,Savanah Hettinger III
5,Isadore Torp
6,Bud Swaniawski I
7,Briana Turcotte
8,Katarina Wilderman
9,Camila Beatty
10,Kiley Stoltenberg
11,Miss Antonietta Lubowitz
12,Kirstin Miller
13,Adolfo Romaguera
14,Jasper Moen PhD
15,Barney Kemmer
16,Lennie Konopelski DVM
17,Miss Julia O'Kon
18,Ms. Cali Abshire
19,Magdalen Wilderman
20,Albertha Murphy
21,Rebecca DuBuque
22,Dr. Russ Hansen
23,Merritt Zboncak II
24,Friedrich Pagac
25,Ms. Trevion Hane
26,Audie Schultz
27,Harley Conroy
28,Ahmed Kessler
29,Ms. Vena Crooks
30,Charles Grant
31,Tracy Lemke
32,Carley Boyer
33,Brendon Morissette
34,Astrid Muller
35,Dr. Edward Auer
36,Miss Lazaro Stiedemann
37,Sigmund Padberg
38,Royal Quitzon III
39,Merritt Langworth
40,Bria Hansen
41,Mr. Ernestine Sanford
42,Ms. Jayden Keebler
43,Arielle Kozey
44,Dr. Austen Wilderman
45,Hulda Spinka
46,Peter Bauch V
47,Ashlynn Kerluke
48,Bo Kuphal
49,Anderson Dickens
50,Alaina Gibson
51,Richie O'Kon
52,Miss Brad Gaylord
53,Laurence Hane DVM
54,Jasmin Lemke
55,Jarrell Mitchell
56,Lon Langworth II
57,Johnathon McCullough I
58,Beryl Hoppe
59,Dr. Damien Ledner
60,Ms. Barrett Mraz
61,Gerhard Ruecker
62,River Franecki
63,Katelynn Hoppe MD
64,Sophie Littel
65,Weston McGlynn
66,Robbie Haley
67,Royal Kilback
68,Nils Senger
69,Miss Rosella Walker
70,Ruby McLaughlin
71,Tony Kreiger
72,Verdie Gutmann
73,Dayna Kiehn
74,Stanton Jenkins
75,Audrey Labadie
76,Roxane Wiegand
77,Bud Crona IV
78,Preston Bednar
79,Cleta Kautzer
80,Brigitte Hayes
81,Bethany Lynch
82,Kim Breitenberg
83,Rosella Moore
84,Efrain Collier
85,Nona Boyle
86,Gennaro Zulauf
87,Kaylie Bradtke
88,Zoie Bosco
89,Chasity Batz
90,Thora Reichel DVM
91,Vella Hagenes
92,Mrs. Toy Senger
93,Ms. Leanna Stamm
94,Mr. Felipe Senger
95,Solon Jenkins
96,Demetrius Jenkins
97,Bonita Ward
98,Mrs. Isaiah Krajcik
99,Reid Rau
100,Mr. Layne Klein
101,Mr. Ladarius Cormier
102,Emery Bogisich
103,Christophe Dickens
104,Ryleigh Grant III
105,Gwen Schumm
106,Mrs. Natalie Spencer
107,Sterling Stanton
108,Oswald Bernhard
109,Alexys Moore III
110,Cindy Bosco
111,Darby Grimes
112,Devante Halvorson
113,Verlie O'Reilly
114,Ms. Shaylee Lindgren
115,Branson Carter IV
116,Mr. Felicia Abbott
117,Alia Maggio
118,Enoch Daugherty
119,Kyla Cummings
120,Orland O'Kon IV
121,Greg Carroll
122,Mrs. Frankie Boyer
123,Milan Dare IV
124,Lonie Lindgren
125,Tate Koch IV
126,Shaniya Daniel DDS
127,Talon Goodwin
128,Federico Nader II
129,Jimmy Schowalter
130,Hellen Bashirian
131,Bradley Vandervort
132,Jessyca King III
133,Woodrow Treutel
134,Elmo Witting
135,Loren Parker DDS
136,Karley Gleason PhD
137,Mr. Bridie Heidenreich
138,Sadie Schuppe PhD
139,Stefan Greenholt DDS
140,Dr. Keira Brown
141,Myah Schmitt I
142,Dr. Pansy Prosacco
143,Karlie Brown
144,Isaiah Bartell IV
145,Leone Osinski
146,Mr. Jaqueline Herzog
147,Norwood Bauch V
148,Leopoldo Waters
149,Alexys Hodkiewicz
150,Casper Durgan
